{
  "Sample": {
      "Title": "This sample demonstrates a Java web app calling a Java Web API which calls another downstream API (Microsoft Graph) using the On-Behalf-Of flow.",
      "Level": 300,
      "Client": "Java Webapp",
      "Service": "Java Web API",
      "RepositoryUrl": "ms-identity-java-webapi",
      "Endpoint": "AAD v2.0"
  },
  /*
    This section describes the Azure AD Applications to configure, and their dependencies
  */
  "AADApps": [
    {
      "Id": "service",
      "Name": "java_webapi",
      "Kind": "WebApi",
      "PasswordCredentials": "Auto",
      "Audience": "AzureADMultipleOrgs",
      "HomePage": "http://localhost:8081",
      "RequiredResourcesAccess": [
        {
          "Resource": "Microsoft Graph",
          "DelegatedPermissions": [ "User.Read", "offline_access" ]
        }
      ],
      "ManualSteps": [
        {
          "Comment": "Navigate to the portal and change the 'signInAudience' to 'AzureADandPersonalMicrosoftAccount'  in the app's manifest !"
        }
      ]
    },
    {
      "Id": "client",
      "Name": "java_webapp",
      "Kind": "WebApp",
      "Audience": "AzureADMultipleOrgs",
      "HomePage": "http://localhost:8080/msal4jsample",
      "PasswordCredentials": "Auto",
      "ReplyUrls": "http://localhost:8080/msal4jsample/secure/aad,http://localhost:8080/msal4jsample/graph/me",
      "RequiredResourcesAccess": [
        {
          "Resource": "service",
          "DelegatedPermissions": [ "access_as_user" ]
        }
      ]
    }
  ],
  /*
    This section describes how to update the code in configuration files from the apps coordinates, once the apps
    are created in Azure AD.
    Each section describes a configuration file, for one of the apps, it's type (XML, JSon, plain text), its location
    with respect to the root of the sample, and the mappping (which string in the config file is mapped to which value
  */
  "CodeConfiguration": [
    {
      "App": "service",
      "SettingKind": "Replace",
      "SettingFile": "\\..\\msal-obo-sample\\src\\main\\resources\\application.properties",
      "Mappings": [
        {
          "key": "Enter_the_Tenant_Info_Here",
          "value": "$tenantId"
        },
        {
          "key": "Enter_the_Application_Id_Here",
          "value": "service.AppId"
        },
        {
          "key": "Enter_the_Client_Secret_Here",
          "value": "service.AppKey"
        }

      ]
    },
    {
      "App": "client",
      "SettingKind": "Replace",
      "SettingFile": "\\..\\msal-web-sample\\src\\main\\resources\\application.properties",
      "Mappings": [
        {
          "key": "Enter_the_Application_Id_Here",
          "value": "client.AppId"
        },
        {
          "key": "Enter_the_Client_Secret_Here",
          "value": "client.AppKey"
        },
        {
          "key": "Enter_the_Obo_Api_Application_Id_Here",
          "value": "service.AppId"
        }
      ]
    }
  ]
}